model,mean,Ages,BelugaID,Birds525,Birds525-1shot,FishNet,ImageNet-1K,KABR,NeWT,Pl@ntNet,iNat21,iWildCam
vit_base_patch14_reg4_dinov2.lvd142m,0.5325518668549681,0.8133333333333334,0.0010166045408336157,0.7744761904761904,0.7897142767906189,0.6986458272285134,0.7592577586905437,0.34013398294762487,0.8486462494451842,0.5399607041465141,0.0,0.2928856078052934
ViT-B-16-SigLIP/webli,0.4781982242926939,0.6983333333333334,0.0006777363605557439,0.637333333492279,0.6453333497047424,0.6247348304637137,0.7384733814115549,0.4625456760048721,0.8136373723923658,0.4551930677532209,0.0,0.1839183863029941
hf-hub:imageomics/bioclip,0.460575649889839,0.8583333333333333,0.0015249068112504235,0.637333333492279,0.6586666703224182,0.6422546400569993,0.41145369094886963,0.3328258221680877,0.8267310252996005,0.5279129865110399,0.0,0.1692957398443505
ViT-B-16/laion400m_e32,0.43302792952273295,0.7016666666666667,0.00016943409013893597,0.555809497833252,0.5718095302581787,0.56438320851972,0.6418442589741512,0.4171741778319123,0.8122503328894807,0.3561007145038314,0.0,0.14209940318273084
ViT-B-16/openai,0.4183934348627003,0.675,0.0,0.46019047498703003,0.4537142813205719,0.5853439482113156,0.6475569240742242,0.4351400730816078,0.8108632933865957,0.35850491391241784,0.0,0.17601387451594036
RN50/openai,0.37970171028481253,0.6016666666666667,0.00033886818027787193,0.3028571307659149,0.2857142686843872,0.5452565711473448,0.5568430435134916,0.38520097442143725,0.7850643586329339,0.30733499396927033,0.24491,0.16153193715121347
