model,mean,KABR,NeWT,iWildCam
vit_base_patch14_reg4_dinov2.lvd142m,0.49388861339936746,0.34013398294762487,0.8486462494451842,0.2928856078052934
ViT-B-16-SigLIP/webli,0.48614889989372045,0.4625456760048721,0.8136373723923658,0.18226365128392338
ViT-B-16/openai,0.4739343736956458,0.4351400730816078,0.8108632933865957,0.17579975461873373
ViT-B-16/laion400m_e32,0.45699822628100245,0.4171741778319123,0.8122503328894807,0.14157016812161446
RN50/openai,0.44403477374160555,0.38520097442143725,0.7850643586329339,0.16183898817044565
hf-hub:imageomics/bioclip,0.44319550883885866,0.3328258221680877,0.8267310252996005,0.17002967904888774
