model,mean,Ages,BelugaID,Birds525,Birds525-1shot,FishNet,KABR,NeWT,Pl@ntNet,iWildCam
vit_base_patch14_reg4_dinov2.lvd142m,0.5065391191741768,0.8133333333333334,0.0010166045408336157,0.7744761904761904,0.7897142767906189,0.6986458272285134,0.34013398294762487,0.8486462494451842,0.0,0.2928856078052934
hf-hub:imageomics/bioclip,0.45863326783698405,0.8583333333333333,0.0015249068112504235,0.637333333492279,0.6586666703224182,0.6422546400569993,0.3328258221680877,0.8267310252996005,0.0,0.17002967904888774
ViT-B-16-SigLIP/webli,0.45165103144842056,0.6983333333333334,0.0006777363605557439,0.637333333492279,0.6453333497047424,0.6247348304637137,0.4625456760048721,0.8136373723923658,0.0,0.18226365128392338
ViT-B-16/laion400m_e32,0.41831477957899593,0.7016666666666667,0.00016943409013893597,0.555809497833252,0.5718095302581787,0.56438320851972,0.4171741778319123,0.8122503328894807,0.0,0.14157016812161446
ViT-B-16/openai,0.3995613139562061,0.675,0.0,0.46019047498703003,0.4537142813205719,0.5853439482113156,0.4351400730816078,0.8108632933865957,0.0,0.17579975461873373
RN50/openai,0.3474543762739164,0.6016666666666667,0.00033886818027787193,0.3028571307659149,0.2857142686843872,0.5452565711473448,0.38520097442143725,0.7850643586329339,0.0591515597958398,0.16183898817044565
