model,mean,Ages,BelugaID,Birds525,Birds525-1shot,FishNet,ImageNet-1K,KABR,LeopardID,NeWT,Pl@ntNet,Plankton,iNat21,iWildCam
vit_base_patch14_reg4_dinov2.lvd142m,0.5092080602125881,0.8133333333333334,0.0010166045408336157,0.7744761904761904,0.7897142767906189,0.6986458272285134,0.7592577586905437,0.34013398294762487,0.015894039735099338,0.8486462494451842,0.5399607041465141,0.2987602076238966,0.44698,0.2928856078052934
hf-hub:imageomics/bioclip,0.45900329036075455,0.8583333333333333,0.0015249068112504235,0.637333333492279,0.6586666703224182,0.6422546400569993,0.41145369094886963,0.3328258221680877,0.015305371596762325,0.8267310252996005,0.5280414490067078,0.26584454656660167,0.61939,0.16933798508690026
ViT-B-16-SigLIP/webli,0.4542708600742858,0.6983333333333334,0.0006777363605557439,0.637333333492279,0.6453333497047424,0.6247348304637137,0.7384733814115549,0.4625456760048721,0.010596026490066225,0.8136373723923658,0.45558036027080967,0.28341984329024367,0.35095,0.18390593775117847
ViT-B-16/laion400m_e32,0.41351794550142923,0.7016666666666667,0.00016943409013893597,0.555809497833252,0.5718095302581787,0.56438320851972,0.6418442589741512,0.4171741778319123,0.01309786607799853,0.8122503328894807,0.35759638055154236,0.28686481303930966,0.31108,0.14198712478622819
ViT-B-16/openai,0.40040041261787934,0.675,0.0,0.46019047498703003,0.4537142813205719,0.5853439482113156,0.6475569240742242,0.4351400730816078,0.011626195732155998,0.8108632933865957,0.35767986890198866,0.2781102258075181,0.314,0.17598007852942266
RN50/openai,0.3420846249964651,0.6016666666666667,0.00033886818027787193,0.3028571307659149,0.2857142686843872,0.5452565711473448,0.5568430435134916,0.38520097442143725,0.008535688005886681,0.7850643586329339,0.3075305136496757,0.26175819089496477,0.24486,0.16147385039106482
