model,mean,Birds525,KABR,NeWT,Pl@ntNet,iWildCam
vit_base_patch14_reg4_dinov2.lvd142m,0.4512284061348585,0.7744761904761904,0.34013398294762487,0.8486462494451842,0.0,0.2928856078052934
ViT-B-16-SigLIP/webli,0.41786076850766085,0.6308571428571429,0.4625456760048721,0.8136373723923658,0.0,0.18226365128392338
hf-hub:imageomics/bioclip,0.3952887338747438,0.6468571428571429,0.3328258221680877,0.8267310252996005,0.0,0.17002967904888774
ViT-B-16/laion400m_e32,0.3884084595781253,0.571047619047619,0.4171741778319123,0.8122503328894807,0.0,0.14157016812161446
ViT-B-16/openai,0.3791415765983398,0.4739047619047619,0.4351400730816078,0.8108632933865957,0.0,0.17579975461873373
RN50/openai,0.3379083207506401,0.29828572273254395,0.38520097442143725,0.7850643586329339,0.0591515597958398,0.16183898817044565
