model,mean,KABR,iWildCam
ViT-B-16/openai,0.30546991385017075,0.4351400730816078,0.17579975461873373
RN50/openai,0.27351998129594146,0.38520097442143725,0.16183898817044565
hf-hub:imageomics/bioclip,0.2514277506084877,0.3328258221680877,0.17002967904888774
